[{"created_at":"Fri Apr 25 10:16:32 +0000 2014","id":4.5963707085661e+17,"id_str":"459637070856613888","text":"We will release an onepage template with multiple version next time","source":"<a href=\"http:\/\/twitter.com\" rel=\"nofollow\">Twitter Web Client<\/a>","truncated":false,"in_reply_to_status_id":null,"in_reply_to_status_id_str":null,"in_reply_to_user_id":null,"in_reply_to_user_id_str":null,"in_reply_to_screen_name":null,"user":{"id":2444841276,"id_str":"2444841276","name":"Mr Ova","screen_name":"ovatheme","location":"","profile_location":null,"description":"","url":"http:\/\/t.co\/SB5f7I5Yrp","entities":{"url":{"urls":[{"url":"http:\/\/t.co\/SB5f7I5Yrp","expanded_url":"http:\/\/ovatheme.com","display_url":"ovatheme.com","indices":[0,22]}]},"description":{"urls":[]}},"protected":false,"followers_count":2,"friends_count":7,"listed_count":0,"created_at":"Tue Apr 15 03:43:54 +0000 2014","favourites_count":0,"utc_offset":28800,"time_zone":"Singapore","geo_enabled":false,"verified":false,"statuses_count":7,"lang":"en","contributors_enabled":false,"is_translator":false,"is_translation_enabled":false,"profile_background_color":"C0DEED","profile_background_image_url":"http:\/\/abs.twimg.com\/images\/themes\/theme1\/bg.png","profile_background_image_url_https":"https:\/\/abs.twimg.com\/images\/themes\/theme1\/bg.png","profile_background_tile":false,"profile_image_url":"http:\/\/abs.twimg.com\/sticky\/default_profile_images\/default_profile_3_normal.png","profile_image_url_https":"https:\/\/abs.twimg.com\/sticky\/default_profile_images\/default_profile_3_normal.png","profile_link_color":"0084B4","profile_sidebar_border_color":"C0DEED","profile_sidebar_fill_color":"DDEEF6","profile_text_color":"333333","profile_use_background_image":true,"default_profile":true,"default_profile_image":true,"following":false,"follow_request_sent":false,"notifications":false},"geo":null,"coordinates":null,"place":null,"contributors":null,"retweet_count":0,"favorite_count":0,"entities":{"hashtags":[],"symbols":[],"user_mentions":[],"urls":[]},"favorited":false,"retweeted":false,"lang":"en"},{"created_at":"Fri Apr 25 09:37:38 +0000 2014","id":4.5962728198899e+17,"id_str":"459627281988993024","text":"Vastudio - Creative One Page Joomla Template.","source":"<a href=\"http:\/\/twitter.com\" rel=\"nofollow\">Twitter Web Client<\/a>","truncated":false,"in_reply_to_status_id":null,"in_reply_to_status_id_str":null,"in_reply_to_user_id":null,"in_reply_to_user_id_str":null,"in_reply_to_screen_name":null,"user":{"id":2444841276,"id_str":"2444841276","name":"Mr Ova","screen_name":"ovatheme","location":"","profile_location":null,"description":"","url":"http:\/\/t.co\/SB5f7I5Yrp","entities":{"url":{"urls":[{"url":"http:\/\/t.co\/SB5f7I5Yrp","expanded_url":"http:\/\/ovatheme.com","display_url":"ovatheme.com","indices":[0,22]}]},"description":{"urls":[]}},"protected":false,"followers_count":2,"friends_count":7,"listed_count":0,"created_at":"Tue Apr 15 03:43:54 +0000 2014","favourites_count":0,"utc_offset":28800,"time_zone":"Singapore","geo_enabled":false,"verified":false,"statuses_count":7,"lang":"en","contributors_enabled":false,"is_translator":false,"is_translation_enabled":false,"profile_background_color":"C0DEED","profile_background_image_url":"http:\/\/abs.twimg.com\/images\/themes\/theme1\/bg.png","profile_background_image_url_https":"https:\/\/abs.twimg.com\/images\/themes\/theme1\/bg.png","profile_background_tile":false,"profile_image_url":"http:\/\/abs.twimg.com\/sticky\/default_profile_images\/default_profile_3_normal.png","profile_image_url_https":"https:\/\/abs.twimg.com\/sticky\/default_profile_images\/default_profile_3_normal.png","profile_link_color":"0084B4","profile_sidebar_border_color":"C0DEED","profile_sidebar_fill_color":"DDEEF6","profile_text_color":"333333","profile_use_background_image":true,"default_profile":true,"default_profile_image":true,"following":false,"follow_request_sent":false,"notifications":false},"geo":null,"coordinates":null,"place":null,"contributors":null,"retweet_count":0,"favorite_count":0,"entities":{"hashtags":[],"symbols":[],"user_mentions":[],"urls":[]},"favorited":false,"retweeted":false,"lang":"et"},{"created_at":"Fri Apr 25 09:10:03 +0000 2014","id":4.5962034006316e+17,"id_str":"459620340063158272","text":"Check out this great #themeforest item 'Garbini - Bootstrap eCommerce Template'","source":"<a href=\"https:\/\/dev.twitter.com\/docs\/tfw\" rel=\"nofollow\">Twitter for Websites<\/a>","truncated":false,"in_reply_to_status_id":null,"in_reply_to_status_id_str":null,"in_reply_to_user_id":null,"in_reply_to_user_id_str":null,"in_reply_to_screen_name":null,"user":{"id":2444841276,"id_str":"2444841276","name":"Mr Ova","screen_name":"ovatheme","location":"","profile_location":null,"description":"","url":"http:\/\/t.co\/SB5f7I5Yrp","entities":{"url":{"urls":[{"url":"http:\/\/t.co\/SB5f7I5Yrp","expanded_url":"http:\/\/ovatheme.com","display_url":"ovatheme.com","indices":[0,22]}]},"description":{"urls":[]}},"protected":false,"followers_count":2,"friends_count":7,"listed_count":0,"created_at":"Tue Apr 15 03:43:54 +0000 2014","favourites_count":0,"utc_offset":28800,"time_zone":"Singapore","geo_enabled":false,"verified":false,"statuses_count":7,"lang":"en","contributors_enabled":false,"is_translator":false,"is_translation_enabled":false,"profile_background_color":"C0DEED","profile_background_image_url":"http:\/\/abs.twimg.com\/images\/themes\/theme1\/bg.png","profile_background_image_url_https":"https:\/\/abs.twimg.com\/images\/themes\/theme1\/bg.png","profile_background_tile":false,"profile_image_url":"http:\/\/abs.twimg.com\/sticky\/default_profile_images\/default_profile_3_normal.png","profile_image_url_https":"https:\/\/abs.twimg.com\/sticky\/default_profile_images\/default_profile_3_normal.png","profile_link_color":"0084B4","profile_sidebar_border_color":"C0DEED","profile_sidebar_fill_color":"DDEEF6","profile_text_color":"333333","profile_use_background_image":true,"default_profile":true,"default_profile_image":true,"following":false,"follow_request_sent":false,"notifications":false},"geo":null,"coordinates":null,"place":null,"contributors":null,"retweet_count":0,"favorite_count":0,"entities":{"hashtags":[{"text":"themeforest","indices":[21,33]}],"symbols":[],"user_mentions":[],"urls":[]},"favorited":false,"retweeted":false,"lang":"en"},{"created_at":"Tue Apr 15 05:05:20 +0000 2014","id":4.5593487957048e+17,"id_str":"455934879570481152","text":"Release: Floyd - One Page Parallax Joomla Template","source":"<a href=\"http:\/\/twitter.com\" rel=\"nofollow\">Twitter Web Client<\/a>","truncated":false,"in_reply_to_status_id":null,"in_reply_to_status_id_str":null,"in_reply_to_user_id":null,"in_reply_to_user_id_str":null,"in_reply_to_screen_name":null,"user":{"id":2444841276,"id_str":"2444841276","name":"Mr Ova","screen_name":"ovatheme","location":"","profile_location":null,"description":"","url":"http:\/\/t.co\/SB5f7I5Yrp","entities":{"url":{"urls":[{"url":"http:\/\/t.co\/SB5f7I5Yrp","expanded_url":"http:\/\/ovatheme.com","display_url":"ovatheme.com","indices":[0,22]}]},"description":{"urls":[]}},"protected":false,"followers_count":2,"friends_count":7,"listed_count":0,"created_at":"Tue Apr 15 03:43:54 +0000 2014","favourites_count":0,"utc_offset":28800,"time_zone":"Singapore","geo_enabled":false,"verified":false,"statuses_count":7,"lang":"en","contributors_enabled":false,"is_translator":false,"is_translation_enabled":false,"profile_background_color":"C0DEED","profile_background_image_url":"http:\/\/abs.twimg.com\/images\/themes\/theme1\/bg.png","profile_background_image_url_https":"https:\/\/abs.twimg.com\/images\/themes\/theme1\/bg.png","profile_background_tile":false,"profile_image_url":"http:\/\/abs.twimg.com\/sticky\/default_profile_images\/default_profile_3_normal.png","profile_image_url_https":"https:\/\/abs.twimg.com\/sticky\/default_profile_images\/default_profile_3_normal.png","profile_link_color":"0084B4","profile_sidebar_border_color":"C0DEED","profile_sidebar_fill_color":"DDEEF6","profile_text_color":"333333","profile_use_background_image":true,"default_profile":true,"default_profile_image":true,"following":false,"follow_request_sent":false,"notifications":false},"geo":null,"coordinates":null,"place":null,"contributors":null,"retweet_count":0,"favorite_count":0,"entities":{"hashtags":[],"symbols":[],"user_mentions":[],"urls":[]},"favorited":false,"retweeted":false,"lang":"et"},{"created_at":"Tue Apr 15 05:05:06 +0000 2014","id":4.5593481840494e+17,"id_str":"455934818404937728","text":"Release: Oswald - Creative Portfolio Joomla Template","source":"<a href=\"http:\/\/twitter.com\" rel=\"nofollow\">Twitter Web Client<\/a>","truncated":false,"in_reply_to_status_id":null,"in_reply_to_status_id_str":null,"in_reply_to_user_id":null,"in_reply_to_user_id_str":null,"in_reply_to_screen_name":null,"user":{"id":2444841276,"id_str":"2444841276","name":"Mr Ova","screen_name":"ovatheme","location":"","profile_location":null,"description":"","url":"http:\/\/t.co\/SB5f7I5Yrp","entities":{"url":{"urls":[{"url":"http:\/\/t.co\/SB5f7I5Yrp","expanded_url":"http:\/\/ovatheme.com","display_url":"ovatheme.com","indices":[0,22]}]},"description":{"urls":[]}},"protected":false,"followers_count":2,"friends_count":7,"listed_count":0,"created_at":"Tue Apr 15 03:43:54 +0000 2014","favourites_count":0,"utc_offset":28800,"time_zone":"Singapore","geo_enabled":false,"verified":false,"statuses_count":7,"lang":"en","contributors_enabled":false,"is_translator":false,"is_translation_enabled":false,"profile_background_color":"C0DEED","profile_background_image_url":"http:\/\/abs.twimg.com\/images\/themes\/theme1\/bg.png","profile_background_image_url_https":"https:\/\/abs.twimg.com\/images\/themes\/theme1\/bg.png","profile_background_tile":false,"profile_image_url":"http:\/\/abs.twimg.com\/sticky\/default_profile_images\/default_profile_3_normal.png","profile_image_url_https":"https:\/\/abs.twimg.com\/sticky\/default_profile_images\/default_profile_3_normal.png","profile_link_color":"0084B4","profile_sidebar_border_color":"C0DEED","profile_sidebar_fill_color":"DDEEF6","profile_text_color":"333333","profile_use_background_image":true,"default_profile":true,"default_profile_image":true,"following":false,"follow_request_sent":false,"notifications":false},"geo":null,"coordinates":null,"place":null,"contributors":null,"retweet_count":0,"favorite_count":0,"entities":{"hashtags":[],"symbols":[],"user_mentions":[],"urls":[]},"favorited":false,"retweeted":false,"lang":"en"}]